Item ID,Item Name,Item Type,Brand,Price,UOM
121 001,"Parker Quink Roller Ball Pen Refill, Blue",Pen,Parker,69,Piece
121 002,Pilot V7 Liquid Ink Roller Ball Pen (2 Blue + 1 Black),Pen,Pilot,135,Pack
121 003,Parker Beta Premium Gold Ball Pen,Pen,Parker,125,Piece
121 004,Pilot V5 Liquid Ink Roller Ball Pen - 1 Blue + 1 Black + 1 Red,Pen,Pilot,135,Pack
121 005,"Reynolds 045 Fine Carbure Blue Ballpen, Pack of 10",Pen,Reynolds,60,Pack
121 006,"Pilot Frixion Roller Ball Pen, Blue",Pen,Parker,92,Piece
121 007,Staedtler Triangular Ball Pen (Set of 10 Colours),Pen,Staedtler,160,Pack
121 008,Parker Vector Mettalix CT Roller Ball Pen (Blue) + Swiss Knife,Pen,Parker,316,Pack
121 009,Puro 5 In 1 Multipurpose Pen,Pen,Puro,179,Piece
121 010,Cello Smooth Write Ballpoint Pen - Blue,Pen,Cello,90,Pack
121 011,"Staedtler 334 SB4 Triplus Fineliner Pen - Multicolor Body, Multicolor Ink, Pack of 4",Pen,Staedtler,320,Pack
121 012,"Staedtler Luna RiteClic Ball Pen - Transparent Body, Blue Ink, Pack of 10",Pen,Staedtler,300,Pack
121 013,Sheaffer SHF99335 Ballpoint Pen Refill and Medium Point - Black,Pen,Sheaffer,175,Piece
121 014,Lamy M63 Blue Rollerball Refill,Refill,Lamy,310,Piece
121 015,"Pierre Cardin Dance Ball Pen, Blue Ink",Pen,Pierre Cardin,125,Piece
121 016,"Pierre Cardin Kriss Satin Nickle Roller Pen and Ball Pen , Blue Ink",Pen,Pierre Cardin,300,Pack
121 017,Reynolds Trimax Sporty,Pen,Reynolds,50,Piece
121 018,Camlin Office Highlighter - Pack of 5 Assorted Colors,Highlighter,Camlin,100,Pack
121 019,"Camlin Office Highlighter Pen, Yellow",Highlighter,Camlin,190,Pack
121 020,"Camlin CD - DVD Marker Pen, Blue - Pack of 10",Marker,Camlin,100,Pack
121 021,"Artline EK157R Whiteboard Marker - Black, Pack of 10",Marker,Artline,270,Pack
121 022,"Luxor CD and OHP Marker Pen, Set of 5 (Black)",Marker,Luxor,99,Pack
121 023,Pilot Frixion Colour Highlighter (Pack of 6),Highlighter,Pilot,465,Pack
121 024,"Camlin PB White Board Marker Pen, Blue",Marker,Camlin,225,Piece
121 025,Artline EK-999XF Metallic Ink Marker - Silver,Marker,Artline,120,Piece
